Doctor ID,Prefix,First Name,Last Name,Gender,Qualification,Specialty,City,State,Country,Appointment Date,Scheduling Date
D0001,Dr.,Jennifer,Fritz,Female,DM,Endocrinologist,Kimberlyside,Tennessee,Suriname,23/08/2024,29/08/2024
D0002,Dr.,Jennifer,Flores,Other,MBBS,Pulmonologist,Chavezburgh,Arkansas,Togo,19/08/2024,02/09/2024
D0003,Dr.,Christine,Marquez,Female,MD,Cardiologist,West Jamesborough,Wyoming,Liechtenstein,20/12/2024,24/12/2024
D0004,Dr.,Samuel,Bailey,Male,MBBS,General Physician,Johnstad,Colorado,Malaysia,16/10/2024,31/10/2024
D0005,Dr.,Jennifer,Garcia,Other,PhD,Pulmonologist,Savannahfurt,Oregon,South Africa,01/09/2024,14/09/2024
D0006,Dr.,David,Sandoval,Male,MBBS,Dermatologist,South Jacktown,Indiana,Panama,17/08/2024,06/09/2024
D0007,Dr.,Adam,Burke,Male,DM,Endocrinologist,Martinburgh,Delaware,Nigeria,21/01/2025,10/02/2025
D0008,Dr.,Darren,Wilson,Male,MD,Pulmonologist,Wilsonburgh,Connecticut,Turkey,22/02/2025,28/02/2025
D0009,Dr.,Sarah,Daniels,Female,MBBS,Gastroenterologist,Jordanbury,Maryland,Spain,09/02/2025,10/02/2025
D0010,Dr.,Justin,Anderson,Male,MS,Neurologist,Port Jennifer,Nevada,Romania,08/12/2024,21/12/2024
D0011,Dr.,Patricia,Davis,Female,PhD,Endocrinologist,North Dawnchester,Nebraska,Zimbabwe,26/01/2025,21/02/2025
D0012,Dr.,Alexis,Schwartz,Female,DO,Infectious Disease Specialist,South Kirk,Tennessee,Brunei Darussalam,05/07/2024,22/07/2024
D0013,Dr.,Autumn,Brewer,Other,PhD,Dermatologist,Whitneyhaven,Kansas,Guyana,23/04/2025,02/05/2025
D0014,Dr.,Jennifer,Gonzalez,Other,PhD,Psychiatrist,East Kristinview,Michigan,Ghana,07/12/2024,04/01/2025
D0015,Dr.,Mary,Eaton,Female,DO,Pulmonologist,Port Patrickchester,Georgia,Marshall Islands,01/07/2024,02/07/2024
D0016,Dr.,Whitney,Park,Female,MS,Rheumatologist,East Lisahaven,Arkansas,Congo,30/11/2024,19/12/2024
D0017,Dr.,Christopher,Washington,Male,DM,Cardiologist,East Vincent,West Virginia,Botswana,19/01/2025,04/02/2025
D0018,Dr.,Timothy,Hammond,Male,MS,Psychiatrist,South Amyshire,Alabama,Papua New Guinea,05/08/2024,02/09/2024
D0019,Dr.,Theodore,Garcia,Male,DM,General Physician,Jamesside,Florida,Mongolia,18/05/2025,07/06/2025
D0020,Dr.,Edward,Short,Male,MBBS,Pulmonologist,New David,Rhode Island,Macedonia,24/11/2024,04/12/2024
D0021,Dr.,Megan,Anderson,Other,PhD,Gastroenterologist,Garciabury,South Dakota,Bouvet Island (Bouvetoya),03/05/2025,08/05/2025
D0022,Dr.,Carlos,Christensen,Male,MD,Gastroenterologist,Lake Adrian,Delaware,Dominica,18/10/2024,15/11/2024
D0023,Dr.,Kenneth,Rollins,Male,DO,Gastroenterologist,Moniquetown,Oklahoma,Luxembourg,06/08/2024,02/09/2024
D0024,Dr.,Kathy,Sandoval,Other,MD,Rheumatologist,Lake Sara,Idaho,Saint Pierre and Miquelon,14/03/2025,18/03/2025
D0025,Dr.,Jessica,Richards,Female,DO,Gastroenterologist,West Jessica,West Virginia,Dominican Republic,14/01/2025,07/02/2025
D0026,Dr.,Pamela,Cameron,Other,MBBS,Infectious Disease Specialist,Lake Markchester,Michigan,El Salvador,01/02/2025,21/02/2025
D0027,Dr.,John,Rivers,Male,DO,Pulmonologist,Sharonmouth,Florida,United States of America,14/11/2024,29/11/2024
D0028,Dr.,Carol,George,Female,DO,Pulmonologist,North Joy,Florida,Brunei Darussalam,13/10/2024,29/10/2024
D0029,Dr.,Sherri,Charles,Female,MBBS,Rheumatologist,West Brandichester,Minnesota,Vanuatu,19/09/2024,09/10/2024
D0030,Dr.,William,Li,Male,MBBS,General Physician,Goldenstad,Rhode Island,Malaysia,27/08/2024,19/09/2024
D0031,Dr.,Keith,Reyes,Male,DM,Endocrinologist,New Troy,Utah,Yemen,06/06/2025,26/06/2025
D0032,Dr.,Thomas,Rodriguez,Male,DM,Cardiologist,Melissaburgh,Rhode Island,Brazil,16/05/2025,10/06/2025
D0033,Dr.,Kyle,Willis,Male,MD,Psychiatrist,North Kathrynville,Connecticut,Belgium,23/11/2024,13/12/2024
D0034,Dr.,Bill,Jennings,Male,DO,Allergist,South Heather,Maine,Sudan,15/10/2024,02/11/2024
D0035,Dr.,Natalie,Henry,Female,MD,Cardiologist,New Cassandraburgh,New Jersey,Malaysia,25/11/2024,05/12/2024
D0036,Dr.,Susan,Montoya,Other,MBBS,Dermatologist,Port Ericside,North Carolina,Puerto Rico,11/08/2024,30/08/2024
D0037,Dr.,Amber,Thomas,Female,MS,General Physician,Jonathanbury,Nevada,Barbados,29/08/2024,14/09/2024
D0038,Dr.,Ashley,Ramirez,Other,DO,Cardiologist,Johnsontown,Connecticut,Kyrgyz Republic,16/09/2024,10/10/2024
D0039,Dr.,Wyatt,Parsons,Male,MS,Pulmonologist,Meganton,Wisconsin,Afghanistan,27/02/2025,08/03/2025
D0040,Dr.,Cassidy,Roberts,Other,MBBS,Infectious Disease Specialist,Jacksonchester,Massachusetts,South Georgia and the South Sandwich Islands,04/04/2025,30/04/2025
D0041,Dr.,Paul,Jones,Male,MD,Infectious Disease Specialist,Krausestad,Louisiana,Hungary,08/01/2025,23/01/2025
D0042,Dr.,Hailey,Murphy,Other,DO,Cardiologist,Harriston,Maine,Chile,29/04/2025,02/05/2025
D0043,Dr.,Timothy,Hebert,Male,DM,Gastroenterologist,Lake Susanfurt,Louisiana,Liechtenstein,15/02/2025,14/03/2025
D0044,Dr.,Robert,Robinson,Male,PhD,Cardiologist,West Donna,Kentucky,Lao People's Democratic Republic,27/05/2025,09/06/2025
D0045,Dr.,Arthur,Cohen,Male,DO,Pulmonologist,Jacksonton,Mississippi,Turks and Caicos Islands,18/10/2024,05/11/2024
D0046,Dr.,Kara,Nelson,Other,MS,General Physician,Spencerfurt,Ohio,China,28/01/2025,20/02/2025
D0047,Dr.,Ashley,Floyd,Female,MD,Pulmonologist,West Kylemouth,Tennessee,Afghanistan,28/07/2024,09/08/2024
D0048,Dr.,Amber,Houston,Other,MD,Cardiologist,West Linda,Minnesota,Chile,12/05/2025,21/05/2025
D0049,Dr.,Christine,Smith,Other,MD,Cardiologist,Allenbury,Texas,Qatar,18/12/2024,30/12/2024
D0050,Dr.,Melinda,Smith,Other,MBBS,Rheumatologist,Dylanbury,Minnesota,United States Minor Outlying Islands,23/02/2025,08/03/2025
D0051,Dr.,Linda,Hill,Female,DO,Cardiologist,New Petertown,Louisiana,Heard Island and McDonald Islands,19/07/2024,17/08/2024
D0052,Dr.,Joseph,Garza,Male,PhD,General Physician,Shannonmouth,Oklahoma,Reunion,11/05/2025,20/05/2025
D0053,Dr.,Maureen,Gross,Other,MS,Pulmonologist,Thomasstad,North Dakota,Guyana,05/05/2025,10/05/2025
D0054,Dr.,Johnny,Rowe,Male,MD,Gastroenterologist,Scottside,Minnesota,Saint Barthelemy,15/08/2024,17/08/2024
D0055,Dr.,Elizabeth,Lewis,Other,DO,Infectious Disease Specialist,Ruizton,North Dakota,Congo,16/02/2025,18/02/2025
D0056,Dr.,Martin,Jimenez,Male,DO,Cardiologist,West Nathanfort,Washington,Trinidad and Tobago,28/11/2024,26/12/2024
D0057,Dr.,Alicia,Smith,Female,MBBS,Cardiologist,Lake Samanthamouth,Michigan,Hungary,12/05/2025,28/05/2025
D0058,Dr.,James,Marks,Male,PhD,Psychiatrist,Danamouth,North Dakota,British Virgin Islands,14/11/2024,08/12/2024
D0059,Dr.,Sharon,Blackwell,Other,PhD,Rheumatologist,Brianhaven,North Carolina,El Salvador,12/06/2025,12/07/2025
D0060,Dr.,Anthony,Harris,Male,MBBS,Pulmonologist,North Francisco,New York,Malta,24/02/2025,28/02/2025
D0061,Dr.,Diane,Taylor,Other,DO,Cardiologist,Bellmouth,Wyoming,Chad,22/04/2025,30/04/2025
D0062,Dr.,Michael,Kelley,Male,DM,Pulmonologist,Penaton,Ohio,Jamaica,03/08/2024,07/08/2024
D0063,Dr.,Gregg,Miller,Male,MS,Dermatologist,New Scottstad,Maryland,Bahamas,26/01/2025,13/02/2025
D0064,Dr.,Katherine,Ross,Other,DM,Neurologist,Velasquezport,Hawaii,Grenada,11/07/2024,06/08/2024
D0065,Dr.,Stephanie,Davis,Female,PhD,Pulmonologist,North Jean,Washington,Grenada,27/12/2024,21/01/2025
D0066,Dr.,James,Fernandez,Male,MS,Infectious Disease Specialist,Potterburgh,Alabama,Antigua and Barbuda,11/08/2024,18/08/2024
D0067,Dr.,Rachel,Ford,Other,DO,Endocrinologist,Gomezside,Rhode Island,Antarctica (the territory South of 60 deg S),14/05/2025,04/06/2025
D0068,Dr.,Jennifer,Powers,Female,MBBS,Neurologist,Port Breannaton,Oklahoma,Saudi Arabia,26/09/2024,25/10/2024
D0069,Dr.,Brittney,Gilmore,Female,DO,Rheumatologist,New Melissa,Texas,Jordan,07/05/2025,01/06/2025
D0070,Dr.,Dawn,Ross,Female,PhD,Pulmonologist,Lake Jasonberg,Tennessee,Syrian Arab Republic,13/12/2024,31/12/2024
D0071,Dr.,Renee,Bates,Female,MD,Pulmonologist,East Annafurt,Oklahoma,Brunei Darussalam,16/01/2025,20/01/2025
D0072,Dr.,Deborah,Murphy,Female,PhD,Dermatologist,Howellbury,California,Czech Republic,06/12/2024,22/12/2024
D0073,Dr.,Sarah,Davis,Female,MD,Endocrinologist,North Daniel,Oklahoma,Thailand,29/03/2025,16/04/2025
D0074,Dr.,Dakota,Chase,Male,MS,Endocrinologist,South Charles,Rhode Island,Nigeria,18/06/2024,23/06/2024
D0075,Dr.,Jackie,Vega,Other,MS,Pulmonologist,Port Brandybury,Iowa,Iraq,04/01/2025,14/01/2025
D0076,Dr.,Kayla,Atkinson,Other,MBBS,Pulmonologist,Hernandezmouth,Wisconsin,Dominican Republic,05/02/2025,04/03/2025
D0077,Dr.,Katherine,Kramer,Female,MBBS,Cardiologist,Devinview,Tennessee,San Marino,24/06/2024,15/07/2024
D0078,Dr.,Angela,Villanueva,Female,PhD,Allergist,North Annettefurt,Nebraska,American Samoa,05/10/2024,06/10/2024
D0079,Dr.,Joshua,Anderson,Male,PhD,Cardiologist,Frankberg,Alaska,Iraq,15/06/2024,07/07/2024
D0080,Dr.,Kayla,Roberts,Other,DO,Endocrinologist,Abbottfort,Louisiana,Iran,19/01/2025,11/02/2025
D0081,Dr.,Michael,Donovan,Male,MBBS,Pulmonologist,North Tonyhaven,Wyoming,Bosnia and Herzegovina,12/12/2024,21/12/2024
D0082,Dr.,Frederick,Campbell,Male,MD,Neurologist,West Robert,Pennsylvania,Korea,14/05/2025,18/05/2025
D0083,Dr.,Margaret,Saunders,Female,MS,Endocrinologist,Martinborough,New Jersey,Estonia,15/05/2025,27/05/2025
D0084,Dr.,Helen,Mcdonald,Female,PhD,General Physician,New Clarenceborough,Wyoming,Canada,03/09/2024,12/09/2024
D0085,Dr.,Russell,Martin,Male,MBBS,Psychiatrist,North Mallory,New Hampshire,Sao Tome and Principe,16/06/2024,20/06/2024
D0086,Dr.,Jessica,Thomas,Other,MS,Gastroenterologist,North Glenview,Connecticut,Guernsey,14/06/2025,29/06/2025
D0087,Dr.,Heather,Abbott,Other,MD,Rheumatologist,North Jacobton,Vermont,Malawi,27/08/2024,28/08/2024
D0088,Dr.,Kimberly,Woods,Other,MS,Psychiatrist,Nicoleberg,Nevada,Falkland Islands (Malvinas),03/04/2025,21/04/2025
D0089,Dr.,Tyler,Ballard,Male,DM,Dermatologist,New Antoniomouth,Kansas,Jordan,28/01/2025,06/02/2025
D0090,Dr.,Robert,Garcia,Male,MBBS,Infectious Disease Specialist,Frostmouth,Oklahoma,Macedonia,29/09/2024,11/10/2024
D0091,Dr.,Darrell,Hill,Male,MD,Rheumatologist,South Mario,Pennsylvania,Malawi,04/03/2025,31/03/2025
D0092,Dr.,Billy,Gross,Male,MS,Pulmonologist,West Codyshire,Virginia,Tunisia,23/12/2024,08/01/2025
D0093,Dr.,David,Richards,Male,MD,Pulmonologist,Robinsonmouth,Wyoming,French Southern Territories,06/09/2024,19/09/2024
D0094,Dr.,Karen,Johnson,Female,DM,Infectious Disease Specialist,West Williamberg,Hawaii,Nicaragua,03/12/2024,05/12/2024
D0095,Dr.,Deborah,Nichols,Other,DM,Psychiatrist,Amandabury,Ohio,Macao,20/08/2024,27/08/2024
D0096,Dr.,Sarah,Kirby,Other,MD,Endocrinologist,Vincentberg,Iowa,Oman,24/12/2024,01/01/2025
D0097,Dr.,Jonathan,Sheppard,Male,DM,Endocrinologist,West Katelynview,Vermont,Grenada,24/08/2024,09/09/2024
D0098,Dr.,Kimberly,Campbell,Female,DO,Psychiatrist,Ryanbury,Nevada,Austria,04/10/2024,11/10/2024
D0099,Dr.,Tanya,Mccarthy,Other,PhD,Allergist,North Michaelborough,New York,Zambia,29/08/2024,08/09/2024
D0100,Dr.,Yvette,Dunn,Female,PhD,General Physician,Davismouth,Hawaii,Netherlands Antilles,30/05/2025,13/06/2025
D0101,Dr.,Carol,Walsh,Female,DM,Pulmonologist,West Cody,Mississippi,Ethiopia,16/10/2024,10/11/2024
D0102,Dr.,Donna,Brooks,Other,MD,Infectious Disease Specialist,Daughertyport,New York,Guernsey,30/07/2024,11/08/2024
D0103,Dr.,Darren,Tucker,Male,DM,Endocrinologist,New Rogertown,Kentucky,Serbia,16/12/2024,13/01/2025
D0104,Dr.,Jessica,Wright,Female,MBBS,Psychiatrist,East Mariaberg,Pennsylvania,Korea,06/11/2024,21/11/2024
D0105,Dr.,Regina,Chavez,Other,DM,Gastroenterologist,Port Karen,Idaho,Romania,23/12/2024,18/01/2025
D0106,Dr.,Melissa,Thomas,Other,PhD,General Physician,East Williamshire,Louisiana,Equatorial Guinea,23/07/2024,30/07/2024
D0107,Dr.,Kelly,Lee,Other,MS,Dermatologist,South Shelly,Vermont,Slovenia,12/10/2024,26/10/2024
D0108,Dr.,Jeffrey,Smith,Male,MBBS,Endocrinologist,Michelleview,Oregon,Guadeloupe,21/08/2024,20/09/2024
D0109,Dr.,Sheila,Huffman,Other,MS,Dermatologist,North Hollyfurt,Rhode Island,Ecuador,05/07/2024,10/07/2024
D0110,Dr.,Cindy,Stewart,Female,PhD,Endocrinologist,Jodiview,Nevada,Antigua and Barbuda,03/06/2025,11/06/2025
D0111,Dr.,Alison,Oneal,Other,MD,Gastroenterologist,Gonzalezfurt,Virginia,Aruba,28/06/2024,21/07/2024
D0112,Dr.,Ivan,Levine,Male,DO,Dermatologist,West Loriton,Minnesota,Korea,25/06/2024,18/07/2024
D0113,Dr.,Courtney,Johnson,Other,DM,Endocrinologist,Jenniferside,Montana,Saint Lucia,07/08/2024,09/08/2024
D0114,Dr.,Jeremy,Faulkner,Male,PhD,Rheumatologist,New Jacobbury,Idaho,Swaziland,04/01/2025,30/01/2025
D0115,Dr.,Lisa,Conway,Other,MS,Dermatologist,New Adam,South Carolina,Bouvet Island (Bouvetoya),30/08/2024,19/09/2024
D0116,Dr.,John,Peterson,Male,DM,Pulmonologist,Wagnerside,Utah,Saint Vincent and the Grenadines,30/07/2024,01/08/2024
D0117,Dr.,Beth,King,Other,MBBS,Gastroenterologist,Cindyfort,South Carolina,Russian Federation,04/06/2025,08/06/2025
D0118,Dr.,Nancy,Mason,Other,DO,Cardiologist,Port Rebekah,Colorado,Mauritius,28/10/2024,05/11/2024
D0119,Dr.,Melissa,Massey,Other,MS,Infectious Disease Specialist,Nelsonborough,Alabama,Zimbabwe,11/05/2025,31/05/2025
D0120,Dr.,Megan,Butler,Other,MS,Gastroenterologist,New Coryfort,Tennessee,Philippines,29/08/2024,01/09/2024
D0121,Dr.,Laura,Clarke,Female,MD,Endocrinologist,Benjaminmouth,North Carolina,Mauritius,28/12/2024,17/01/2025
D0122,Dr.,Jeffrey,Gibbs,Male,PhD,Neurologist,Bennettfurt,North Dakota,Guernsey,16/09/2024,29/09/2024
D0123,Dr.,Lauren,Turner,Other,MS,Gastroenterologist,Pooleburgh,West Virginia,Zimbabwe,28/05/2025,06/06/2025
D0124,Dr.,Christina,Barnes,Other,DO,Psychiatrist,New Patricia,Alaska,French Guiana,23/04/2025,14/05/2025
D0125,Dr.,Johnathan,Davis,Male,DM,Infectious Disease Specialist,Ronaldport,North Dakota,Guinea,24/12/2024,18/01/2025
D0126,Dr.,Eric,Spears,Male,MS,Infectious Disease Specialist,Wolfeburgh,Alaska,Poland,13/04/2025,15/04/2025
D0127,Dr.,Steven,Cameron,Male,DM,Cardiologist,North Theresaton,Illinois,Northern Mariana Islands,17/04/2025,25/04/2025
D0128,Dr.,Gregory,Swanson,Male,DM,Pulmonologist,Port Cindyton,Pennsylvania,El Salvador,25/06/2024,16/07/2024
D0129,Dr.,April,King,Female,DO,Cardiologist,Michaelside,Wisconsin,Nauru,19/04/2025,06/05/2025
D0130,Dr.,Cheryl,Love,Female,MBBS,Infectious Disease Specialist,Audreymouth,Arkansas,Tonga,26/12/2024,28/12/2024
D0131,Dr.,Brandon,Palmer,Male,MD,General Physician,Jacobland,Ohio,Mauritania,28/06/2024,01/07/2024
D0132,Dr.,Dan,Santos,Male,DO,Cardiologist,Brittneyfurt,Colorado,Saint Martin,11/05/2025,16/05/2025
D0133,Dr.,Heather,Evans,Other,MD,Psychiatrist,Lake Kyle,Colorado,Sao Tome and Principe,08/06/2025,15/06/2025
D0134,Dr.,Morgan,Alexander,Other,MBBS,Neurologist,East Ryanbury,Montana,Sudan,28/08/2024,27/09/2024
D0135,Dr.,Christopher,Lewis,Male,MD,Endocrinologist,West Wanda,Kentucky,Wallis and Futuna,18/11/2024,05/12/2024
D0136,Dr.,Robin,Greer,Other,MS,Pulmonologist,South Michael,Tennessee,Guernsey,16/01/2025,18/01/2025
D0137,Dr.,Sonya,King,Other,PhD,General Physician,Burtonside,California,French Polynesia,16/10/2024,17/10/2024
D0138,Dr.,Kenneth,Bowman,Male,MS,Endocrinologist,Evanschester,Ohio,Turkey,09/08/2024,02/09/2024
D0139,Dr.,Kristi,Foster,Other,DM,Psychiatrist,Fosterhaven,New York,Northern Mariana Islands,27/09/2024,21/10/2024
D0140,Dr.,Matthew,Hoffman,Male,DM,Pulmonologist,Mccoyfurt,Hawaii,Moldova,27/06/2024,21/07/2024
D0141,Dr.,Christopher,Wilson,Male,MS,Dermatologist,New Kyle,Tennessee,Serbia,22/10/2024,29/10/2024
D0142,Dr.,Ethan,Garcia,Male,DM,Psychiatrist,New Jose,Louisiana,Mauritania,15/09/2024,30/09/2024
D0143,Dr.,Tracey,Alvarez,Other,DM,Rheumatologist,Katrinaville,Florida,Kazakhstan,30/12/2024,17/01/2025
D0144,Dr.,Lee,Carlson,Male,MS,Pulmonologist,Amandatown,Pennsylvania,Namibia,03/01/2025,07/01/2025
D0145,Dr.,Carol,Estes,Female,MD,Cardiologist,New Joshuaborough,Tennessee,Croatia,15/09/2024,06/10/2024
D0146,Dr.,Kimberly,Berry,Other,PhD,Pulmonologist,Murphyborough,South Carolina,Fiji,23/03/2025,27/03/2025
D0147,Dr.,Kristina,Banks,Female,DO,Pulmonologist,South Jill,Massachusetts,Montserrat,10/01/2025,19/01/2025
D0148,Dr.,Alexis,Nichols,Female,PhD,Pulmonologist,New Emilystad,Nebraska,San Marino,24/10/2024,13/11/2024
D0149,Dr.,Kristina,Sanchez,Female,MBBS,Infectious Disease Specialist,Caseyland,Delaware,Saint Pierre and Miquelon,31/12/2024,29/01/2025
D0150,Dr.,Jonathan,Gonzalez,Male,MD,Cardiologist,Lopezport,Maryland,Sri Lanka,03/05/2025,09/05/2025
D0151,Dr.,Emily,Herrera,Other,DM,Gastroenterologist,Robinhaven,Oregon,Puerto Rico,29/03/2025,23/04/2025
D0152,Dr.,Kiara,Johnson,Female,DO,Infectious Disease Specialist,Brandttown,California,Cyprus,12/03/2025,29/03/2025
D0153,Dr.,Sarah,Malone,Female,DM,Cardiologist,Brookeview,Montana,India,08/06/2025,24/06/2025
D0154,Dr.,James,Shah,Male,DO,Rheumatologist,West Brettshire,California,French Southern Territories,09/01/2025,18/01/2025
D0155,Dr.,Whitney,Reeves,Other,DO,Cardiologist,Russellfort,Oregon,Peru,26/09/2024,18/10/2024
D0156,Dr.,Ann,Harding,Female,MBBS,Pulmonologist,Christopherstad,Maine,South Georgia and the South Sandwich Islands,24/11/2024,22/12/2024
D0157,Dr.,Jared,Gallegos,Male,MD,Psychiatrist,East Christina,Connecticut,Congo,29/10/2024,18/11/2024
D0158,Dr.,Destiny,Carter,Female,MBBS,Neurologist,South David,Pennsylvania,Hong Kong,23/08/2024,17/09/2024
D0159,Dr.,Melissa,Smith,Female,MBBS,Psychiatrist,East Joseph,Kentucky,Myanmar,08/04/2025,28/04/2025
D0160,Dr.,Frank,Howard,Male,DO,Dermatologist,Nicolemouth,Tennessee,Lebanon,01/10/2024,27/10/2024
D0161,Dr.,Krista,Cunningham,Other,DM,Neurologist,North Robinchester,Indiana,Bouvet Island (Bouvetoya),22/05/2025,07/06/2025
D0162,Dr.,Laura,Moss,Female,MS,Psychiatrist,West Dana,Tennessee,Cape Verde,21/04/2025,09/05/2025
D0163,Dr.,Angelica,Rowe,Female,MBBS,Neurologist,Christinafort,Florida,Namibia,10/10/2024,06/11/2024
D0164,Dr.,Virginia,Jones,Other,MBBS,Neurologist,Dawnborough,West Virginia,Turkmenistan,06/09/2024,21/09/2024
D0165,Dr.,Kathryn,Weber,Female,PhD,Endocrinologist,Justinside,North Carolina,Aruba,04/02/2025,17/02/2025
D0166,Dr.,Tonya,Gilmore,Female,DM,Allergist,New Crystal,Wyoming,Equatorial Guinea,20/03/2025,19/04/2025
D0167,Dr.,Emily,Baldwin,Other,DO,Endocrinologist,South Justinfort,New Mexico,Reunion,18/03/2025,13/04/2025
D0168,Dr.,Kenneth,King,Male,MBBS,Cardiologist,Houstonhaven,Maryland,Timor-Leste,18/03/2025,24/03/2025
D0169,Dr.,Kristina,Campbell,Female,MD,Pulmonologist,West Karenhaven,Wyoming,Greece,11/03/2025,10/04/2025
D0170,Dr.,Karen,Thompson,Other,MD,Infectious Disease Specialist,North Tammy,Missouri,Namibia,02/06/2025,13/06/2025
D0171,Dr.,April,Phillips,Female,DM,Pulmonologist,Ashleymouth,Massachusetts,Gambia,14/02/2025,15/03/2025
D0172,Dr.,Courtney,Perry,Other,MD,Psychiatrist,Lake Sandra,Colorado,Sudan,03/10/2024,07/10/2024
D0173,Dr.,Jeremy,Miller,Male,DO,Pulmonologist,New Markville,Montana,Argentina,04/02/2025,10/02/2025
D0174,Dr.,Ricardo,Mccarthy,Male,DM,Gastroenterologist,North Justin,Oklahoma,Macao,14/11/2024,24/11/2024
D0175,Dr.,Gabrielle,Lowe,Other,MD,Psychiatrist,Stevenland,Connecticut,Mayotte,17/05/2025,10/06/2025
D0176,Dr.,Megan,Burnett,Female,MS,Dermatologist,Lloydport,Kentucky,Poland,22/01/2025,09/02/2025
D0177,Dr.,Cheryl,Glenn,Female,DM,Neurologist,Peterchester,Nebraska,Montenegro,20/07/2024,07/08/2024
D0178,Dr.,William,Hinton,Male,MS,Pulmonologist,Halefurt,New York,French Guiana,27/06/2024,17/07/2024
D0179,Dr.,Jamie,Byrd,Other,DO,General Physician,Colinborough,Indiana,Turkmenistan,18/03/2025,11/04/2025
D0180,Dr.,Jennifer,Potts,Other,DO,Pulmonologist,Jessicamouth,Vermont,Algeria,01/07/2024,20/07/2024
D0181,Dr.,Austin,Lowe,Male,MS,General Physician,Williamfort,Ohio,Tonga,24/06/2024,29/06/2024
D0182,Dr.,Tyler,Sullivan,Male,MD,Cardiologist,Porterberg,Vermont,Vanuatu,20/08/2024,02/09/2024
D0183,Dr.,Brenda,Lynch,Female,DM,Psychiatrist,Cookberg,North Dakota,New Caledonia,21/01/2025,04/02/2025
D0184,Dr.,Lisa,Medina,Other,MD,Psychiatrist,Arielville,Kentucky,Saint Martin,25/08/2024,05/09/2024
D0185,Dr.,Lisa,Downs,Female,PhD,Cardiologist,West Stephenchester,West Virginia,Jamaica,17/12/2024,31/12/2024
D0186,Dr.,James,Stephenson,Male,DO,Allergist,North Calvin,Alabama,Indonesia,30/06/2024,29/07/2024
D0187,Dr.,Bridget,Grimes,Other,MS,Endocrinologist,West Kevinfurt,New Hampshire,Slovakia (Slovak Republic),25/05/2025,17/06/2025
D0188,Dr.,Elizabeth,Patterson,Female,PhD,Endocrinologist,Baileyburgh,Washington,Argentina,16/08/2024,09/09/2024
D0189,Dr.,Crystal,Thompson,Other,DO,Dermatologist,North Dawnmouth,Texas,Ecuador,27/07/2024,05/08/2024
D0190,Dr.,Wendy,Alvarez,Other,MS,Endocrinologist,Michaelton,Virginia,Martinique,14/12/2024,02/01/2025
D0191,Dr.,Laura,Klein,Female,MD,Pulmonologist,New Sierra,Texas,Guam,21/03/2025,29/03/2025
D0192,Dr.,Stacey,Walker,Female,DM,Endocrinologist,East Erikaview,Louisiana,American Samoa,08/04/2025,24/04/2025
D0193,Dr.,Lindsay,Brooks,Female,MS,Cardiologist,East Travischester,Maryland,United States of America,11/09/2024,20/09/2024
D0194,Dr.,Bryan,Cook,Male,MBBS,Pulmonologist,Paulfort,Kansas,Germany,31/03/2025,08/04/2025
D0195,Dr.,Joan,Jackson,Other,MD,Dermatologist,Gibsonton,Colorado,Ecuador,15/06/2024,07/07/2024
D0196,Dr.,Susan,Smith,Female,PhD,Cardiologist,Lake Janice,Louisiana,Tonga,11/05/2025,22/05/2025
D0197,Dr.,Tammy,Avery,Other,MS,Allergist,Youngmouth,West Virginia,Lebanon,13/06/2025,30/06/2025
D0198,Dr.,Jennifer,Fischer,Other,DM,Endocrinologist,Houstonland,California,Ethiopia,30/06/2024,05/07/2024
D0199,Dr.,Regina,Anderson,Other,MBBS,Infectious Disease Specialist,Krystalchester,Michigan,Grenada,19/06/2024,30/06/2024
D0200,Dr.,Laura,Horton,Female,PhD,Neurologist,Randallside,Arizona,Panama,17/03/2025,20/03/2025
